[
  {"model": "villas.tarifvente", "pk": 1, "fields": {"type_villa": "F4", "categorie": "standard",  "prix": 175000000}},
  {"model": "villas.tarifvente", "pk": 2, "fields": {"type_villa": "F4", "categorie": "bord_mer",  "prix": 225000000}},
  {"model": "villas.tarifvente", "pk": 3, "fields": {"type_villa": "F5", "categorie": "standard",  "prix": 240000000}},
  {"model": "villas.tarifvente", "pk": 4, "fields": {"type_villa": "F5", "categorie": "bord_mer",  "prix": 310000000}},
  {"model": "villas.tarifvente", "pk": 5, "fields": {"type_villa": "F6", "categorie": "standard",  "prix": 320000000}},
  {"model": "villas.tarifvente", "pk": 6, "fields": {"type_villa": "F6", "categorie": "bord_mer",  "prix": 415000000}},

  {"model": "villas.appelfonds", "pk": 1,  "fields": {"tarif_vente": 1, "etape": 1, "pourcentage": "5.00",  "montant": 8750000}},
  {"model": "villas.appelfonds", "pk": 2,  "fields": {"tarif_vente": 1, "etape": 2, "pourcentage": "25.00", "montant": 43750000}},
  {"model": "villas.appelfonds", "pk": 3,  "fields": {"tarif_vente": 1, "etape": 3, "pourcentage": "5.00",  "montant": 8750000}},
  {"model": "villas.appelfonds", "pk": 4,  "fields": {"tarif_vente": 1, "etape": 4, "pourcentage": "25.00", "montant": 43750000}},
  {"model": "villas.appelfonds", "pk": 5,  "fields": {"tarif_vente": 1, "etape": 5, "pourcentage": "10.00", "montant": 17500000}},
  {"model": "villas.appelfonds", "pk": 6,  "fields": {"tarif_vente": 1, "etape": 6, "pourcentage": "20.00", "montant": 35000000}},
  {"model": "villas.appelfonds", "pk": 7,  "fields": {"tarif_vente": 1, "etape": 7, "pourcentage": "5.00",  "montant": 8750000}},
  {"model": "villas.appelfonds", "pk": 8,  "fields": {"tarif_vente": 1, "etape": 8, "pourcentage": "5.00",  "montant": 8750000}},

  {"model": "villas.appelfonds", "pk": 9,  "fields": {"tarif_vente": 2, "etape": 1, "pourcentage": "5.00",  "montant": 11250000}},
  {"model": "villas.appelfonds", "pk": 10, "fields": {"tarif_vente": 2, "etape": 2, "pourcentage": "25.00", "montant": 56250000}},
  {"model": "villas.appelfonds", "pk": 11, "fields": {"tarif_vente": 2, "etape": 3, "pourcentage": "5.00",  "montant": 11250000}},
  {"model": "villas.appelfonds", "pk": 12, "fields": {"tarif_vente": 2, "etape": 4, "pourcentage": "25.00", "montant": 56250000}},
  {"model": "villas.appelfonds", "pk": 13, "fields": {"tarif_vente": 2, "etape": 5, "pourcentage": "10.00", "montant": 22500000}},
  {"model": "villas.appelfonds", "pk": 14, "fields": {"tarif_vente": 2, "etape": 6, "pourcentage": "20.00", "montant": 45000000}},
  {"model": "villas.appelfonds", "pk": 15, "fields": {"tarif_vente": 2, "etape": 7, "pourcentage": "5.00",  "montant": 11250000}},
  {"model": "villas.appelfonds", "pk": 16, "fields": {"tarif_vente": 2, "etape": 8, "pourcentage": "5.00",  "montant": 11250000}},

  {"model": "villas.appelfonds", "pk": 17, "fields": {"tarif_vente": 3, "etape": 1, "pourcentage": "5.00",  "montant": 12000000}},
  {"model": "villas.appelfonds", "pk": 18, "fields": {"tarif_vente": 3, "etape": 2, "pourcentage": "25.00", "montant": 60000000}},
  {"model": "villas.appelfonds", "pk": 19, "fields": {"tarif_vente": 3, "etape": 3, "pourcentage": "5.00",  "montant": 12000000}},
  {"model": "villas.appelfonds", "pk": 20, "fields": {"tarif_vente": 3, "etape": 4, "pourcentage": "25.00", "montant": 60000000}},
  {"model": "villas.appelfonds", "pk": 21, "fields": {"tarif_vente": 3, "etape": 5, "pourcentage": "10.00", "montant": 24000000}},
  {"model": "villas.appelfonds", "pk": 22, "fields": {"tarif_vente": 3, "etape": 6, "pourcentage": "20.00", "montant": 48000000}},
  {"model": "villas.appelfonds", "pk": 23, "fields": {"tarif_vente": 3, "etape": 7, "pourcentage": "5.00",  "montant": 12000000}},
  {"model": "villas.appelfonds", "pk": 24, "fields": {"tarif_vente": 3, "etape": 8, "pourcentage": "5.00",  "montant": 12000000}},

  {"model": "villas.appelfonds", "pk": 25, "fields": {"tarif_vente": 4, "etape": 1, "pourcentage": "5.00",  "montant": 15500000}},
  {"model": "villas.appelfonds", "pk": 26, "fields": {"tarif_vente": 4, "etape": 2, "pourcentage": "25.00", "montant": 77500000}},
  {"model": "villas.appelfonds", "pk": 27, "fields": {"tarif_vente": 4, "etape": 3, "pourcentage": "5.00",  "montant": 15500000}},
  {"model": "villas.appelfonds", "pk": 28, "fields": {"tarif_vente": 4, "etape": 4, "pourcentage": "25.00", "montant": 77500000}},
  {"model": "villas.appelfonds", "pk": 29, "fields": {"tarif_vente": 4, "etape": 5, "pourcentage": "10.00", "montant": 31000000}},
  {"model": "villas.appelfonds", "pk": 30, "fields": {"tarif_vente": 4, "etape": 6, "pourcentage": "20.00", "montant": 62000000}},
  {"model": "villas.appelfonds", "pk": 31, "fields": {"tarif_vente": 4, "etape": 7, "pourcentage": "5.00",  "montant": 15500000}},
  {"model": "villas.appelfonds", "pk": 32, "fields": {"tarif_vente": 4, "etape": 8, "pourcentage": "5.00",  "montant": 15500000}},

  {"model": "villas.appelfonds", "pk": 33, "fields": {"tarif_vente": 5, "etape": 1, "pourcentage": "5.00",  "montant": 16000000}},
  {"model": "villas.appelfonds", "pk": 34, "fields": {"tarif_vente": 5, "etape": 2, "pourcentage": "25.00", "montant": 80000000}},
  {"model": "villas.appelfonds", "pk": 35, "fields": {"tarif_vente": 5, "etape": 3, "pourcentage": "5.00",  "montant": 16000000}},
  {"model": "villas.appelfonds", "pk": 36, "fields": {"tarif_vente": 5, "etape": 4, "pourcentage": "25.00", "montant": 80000000}},
  {"model": "villas.appelfonds", "pk": 37, "fields": {"tarif_vente": 5, "etape": 5, "pourcentage": "10.00", "montant": 32000000}},
  {"model": "villas.appelfonds", "pk": 38, "fields": {"tarif_vente": 5, "etape": 6, "pourcentage": "20.00", "montant": 64000000}},
  {"model": "villas.appelfonds", "pk": 39, "fields": {"tarif_vente": 5, "etape": 7, "pourcentage": "5.00",  "montant": 16000000}},
  {"model": "villas.appelfonds", "pk": 40, "fields": {"tarif_vente": 5, "etape": 8, "pourcentage": "5.00",  "montant": 16000000}},

  {"model": "villas.appelfonds", "pk": 41, "fields": {"tarif_vente": 6, "etape": 1, "pourcentage": "5.00",  "montant": 20750000}},
  {"model": "villas.appelfonds", "pk": 42, "fields": {"tarif_vente": 6, "etape": 2, "pourcentage": "25.00", "montant": 103750000}},
  {"model": "villas.appelfonds", "pk": 43, "fields": {"tarif_vente": 6, "etape": 3, "pourcentage": "5.00",  "montant": 20750000}},
  {"model": "villas.appelfonds", "pk": 44, "fields": {"tarif_vente": 6, "etape": 4, "pourcentage": "25.00", "montant": 103750000}},
  {"model": "villas.appelfonds", "pk": 45, "fields": {"tarif_vente": 6, "etape": 5, "pourcentage": "10.00", "montant": 41500000}},
  {"model": "villas.appelfonds", "pk": 46, "fields": {"tarif_vente": 6, "etape": 6, "pourcentage": "20.00", "montant": 83000000}},
  {"model": "villas.appelfonds", "pk": 47, "fields": {"tarif_vente": 6, "etape": 7, "pourcentage": "5.00",  "montant": 20750000}},
  {"model": "villas.appelfonds", "pk": 48, "fields": {"tarif_vente": 6, "etape": 8, "pourcentage": "5.00",  "montant": 20750000}},

  {"model": "villas.tariflocation", "pk": 1,  "fields": {"type_villa": "F4", "categorie": "standard",  "duree": "nuit", "prix": 175000}},
  {"model": "villas.tariflocation", "pk": 2,  "fields": {"type_villa": "F4", "categorie": "bord_mer",  "duree": "nuit", "prix": 255000}},
  {"model": "villas.tariflocation", "pk": 3,  "fields": {"type_villa": "F5", "categorie": "standard",  "duree": "nuit", "prix": 190000}},
  {"model": "villas.tariflocation", "pk": 4,  "fields": {"type_villa": "F5", "categorie": "bord_mer",  "duree": "nuit", "prix": 275000}},
  {"model": "villas.tariflocation", "pk": 5,  "fields": {"type_villa": "F6", "categorie": "standard",  "duree": "nuit", "prix": 250000}},
  {"model": "villas.tariflocation", "pk": 6,  "fields": {"type_villa": "F6", "categorie": "bord_mer",  "duree": "nuit", "prix": 300000}},
  {"model": "villas.tariflocation", "pk": 7,  "fields": {"type_villa": "F4", "categorie": "standard",  "duree": "mois", "prix": 4500000}},
  {"model": "villas.tariflocation", "pk": 8,  "fields": {"type_villa": "F4", "categorie": "bord_mer",  "duree": "mois", "prix": 6000000}},
  {"model": "villas.tariflocation", "pk": 9,  "fields": {"type_villa": "F5", "categorie": "standard",  "duree": "mois", "prix": 5500000}},
  {"model": "villas.tariflocation", "pk": 10, "fields": {"type_villa": "F5", "categorie": "bord_mer",  "duree": "mois", "prix": 7000000}},
  {"model": "villas.tariflocation", "pk": 11, "fields": {"type_villa": "F6", "categorie": "standard",  "duree": "mois", "prix": 6900000}},
  {"model": "villas.tariflocation", "pk": 12, "fields": {"type_villa": "F6", "categorie": "bord_mer",  "duree": "mois", "prix": 8500000}}
]
